City,Country,Latitude,Longitude,Temperature (F),Max Temp (F),Humidity %,Cloudiness,Wind Speed (mph),Date
henties bay,NA,-22.116,14.2845,66.85,66.85,84,8,5.5,1643152035
bethel,US,41.3712,-73.414,31.98,36.05,60,0,8.05,1643152010
saint-francois,FR,46.4154,3.9054,26.04,26.67,93,20,2.3,1643152038
ushuaia,AR,-54.8,-68.3,42.46,42.46,81,75,26.46,1643151838
mar del plata,AR,-38.0023,-57.5575,71.91,73.09,97,75,11.99,1643152040
kruisfontein,ZA,-34.0033,24.7314,67.89,67.89,92,100,8.08,1643152042
bronnoysund,NO,65.4625,12.1997,33.8,36.66,86,100,16.11,1643152043
yumen,CN,40.2833,97.2,16.97,16.97,47,15,8.9,1643152053
albany,US,42.6001,-73.9662,24.03,27.27,67,74,8.23,1643151990
dikson,RU,73.5069,80.5464,11.75,11.75,91,100,30.13,1643152038
ossora,RU,59.2353,163.0719,-5.84,-5.84,86,100,8.3,1643152132
vaini,TO,-21.2,-175.2,79.59,79.59,71,23,13.6,1643151984
castro,BR,-24.7911,-50.0119,70.38,70.38,56,5,3.56,1643152134
vanimo,PG,-2.6741,141.3028,81.93,81.93,74,96,2.44,1643152136
san cristobal,VE,7.7669,-72.225,75.38,75.38,72,96,2.64,1643151985
ulladulla,AU,-35.35,150.4667,77.77,77.77,69,36,5.59,1643152138
ewa beach,US,21.3156,-158.0072,79.66,80.55,58,40,9.22,1643152140
bluff,NZ,-46.6,168.3333,51.8,51.8,80,100,12.39,1643152141
maldonado,UY,-34.6667,-54.9167,76.39,76.39,97,100,5.28,1643152000
mataura,NZ,-46.1927,168.8643,51.48,51.48,93,96,6.04,1643152144
jamestown,US,42.097,-79.2353,15.67,18.72,44,100,10.36,1643152145
geraldton,AU,-28.7667,114.6,64.81,64.81,77,0,9.22,1643152146
punta arenas,CL,-53.15,-70.9167,51.91,51.91,50,40,26.46,1643151895
mitu,CO,1.1983,-70.1733,73.78,73.78,98,100,2.75,1643151852
da nang,VN,16.0678,108.2208,69.78,71.65,94,20,1.14,1643152150
bredasdorp,ZA,-34.5322,20.0403,63.28,63.28,76,100,8.93,1643152151
port alfred,ZA,-33.5906,26.891,72.14,72.14,82,83,8.01,1643152153
busselton,AU,-33.65,115.3333,62.04,62.1,71,0,9.42,1643152154
qaanaaq,GL,77.484,-69.3632,-11.45,-11.45,56,21,7.14,1643152156
sitka,US,57.0531,-135.33,39.09,39.09,87,100,4.61,1643151983
rikitea,PF,-23.1203,-134.9692,78.64,78.64,75,100,17.54,1643151861
yuma,US,32.7253,-114.6244,72.12,73.38,23,40,0.0,1643151979
luanda,AO,-8.8368,13.2343,77.0,77.0,83,40,3.44,1643152160
saint-philippe,RE,-21.3585,55.7679,74.79,74.79,79,94,14.07,1643152023
atuona,PF,-9.8,-139.0333,78.31,78.31,72,2,18.97,1643152163
te anau,NZ,-45.4167,167.7167,54.63,54.63,80,80,2.28,1643152164
marrakesh,MA,31.6315,-8.0083,50.07,50.07,93,75,11.5,1643152057
mbaiki,CF,3.8678,17.9892,73.26,73.26,28,99,2.98,1643152167
makakilo city,US,21.3469,-158.0858,78.15,79.12,58,40,9.22,1643152168
east london,ZA,-33.0153,27.9116,72.3,72.3,81,51,1.43,1643152169
cherskiy,RU,68.75,161.3,-43.64,-43.64,100,88,5.41,1643152171
lyman,UA,48.9884,37.8023,13.73,13.73,98,100,3.62,1643152172
saskylakh,RU,71.9167,114.0833,10.31,10.31,87,100,18.41,1643152042
yellowknife,CA,62.456,-114.3525,1.47,1.56,88,89,10.0,1643152133
chuy,UY,-33.6971,-53.4616,76.23,76.23,89,97,7.43,1643152313
new norfolk,AU,-42.7826,147.0587,61.02,63.66,63,100,1.01,1643152315
broken hill,AU,-31.95,141.4333,81.59,81.59,53,44,8.7,1643152316
ribas do rio pardo,BR,-20.4431,-53.7592,81.0,81.0,65,93,3.8,1643152317
ancud,CL,-41.8697,-73.8203,68.63,69.22,70,5,1.05,1643152319
vanavara,RU,60.34,102.2797,-15.79,-15.79,100,98,1.7,1643152320
coquimbo,CL,-29.9533,-71.3436,62.33,62.33,82,0,11.5,1643152057
sao filipe,CV,14.8961,-24.4956,76.46,76.46,60,5,7.45,1643152323
kodiak,US,57.79,-152.4072,33.31,33.31,47,0,8.05,1643152324
yurkivka,UA,49.0126,31.1013,20.37,20.37,95,100,6.64,1643152325
guymon,US,36.6828,-101.4816,28.38,28.4,54,100,16.11,1643152327
inhambane,MZ,-23.865,35.3833,77.97,77.97,91,97,9.26,1643152328
thompson,CA,55.7435,-97.8558,-4.31,-4.31,90,79,10.18,1643152330
ponta do sol,PT,32.6667,-17.1,60.44,61.43,71,18,7.05,1643152110
richards bay,ZA,-28.783,32.0377,73.72,73.72,92,39,2.86,1643152332
hermanus,ZA,-34.4187,19.2345,63.81,63.81,77,88,13.8,1643152333
russell,US,32.3502,-85.1999,57.16,58.6,44,100,3.44,1643152070
angren,UZ,41.0167,70.1436,27.63,27.63,40,0,6.17,1643152336
hithadhoo,MV,-0.6,73.0833,80.87,80.87,67,99,15.3,1643152338
nikolskoye,RU,59.7035,30.7861,14.92,15.69,99,68,4.14,1643152339
port hardy,CA,50.6996,-127.4199,41.76,41.76,72,100,3.0,1643152340
hilo,US,19.7297,-155.09,78.87,80.33,62,100,6.91,1643152239
shar,KZ,49.5886,81.0453,-6.86,-6.86,89,47,10.96,1643152343
goma,CD,-1.6792,29.2228,62.56,62.56,81,100,3.04,1643152344
pizarro,CO,4.9533,-77.366,77.85,77.85,86,100,1.43,1643152345
faanui,PF,-16.4833,-151.75,80.35,80.35,79,99,13.94,1643152347
hobart,AU,-42.8794,147.3294,62.22,64.02,73,75,6.91,1643152181
road town,VG,18.4167,-64.6167,77.0,77.09,73,40,10.36,1643152349
lebu,CL,-37.6167,-73.65,60.64,60.64,80,0,15.66,1643152351
amapa,BR,1.0,-52.0,71.78,71.78,98,55,2.62,1643152352
barrow,US,71.2906,-156.7887,-3.98,-3.98,77,100,24.16,1643152353
cape town,ZA,-33.9258,18.4232,65.3,68.34,77,0,5.99,1643152211
darhan,MN,49.4867,105.9228,-9.44,-9.44,96,53,5.66,1643152356
victor harbor,AU,-35.5667,138.6167,74.44,84.2,80,6,1.99,1643152357
havre-saint-pierre,CA,50.2334,-63.5986,8.96,8.96,85,100,12.66,1643152359
the valley,AI,18.217,-63.0578,77.09,77.14,73,20,9.22,1643152158
verkhnyaya inta,RU,65.9811,60.3094,19.69,19.69,83,100,20.47,1643152361
beringovskiy,RU,63.05,179.3167,-24.9,-24.9,92,13,1.36,1643152363
skjervoy,NO,70.0311,20.9714,32.95,32.95,60,100,26.53,1643152364
kalmunai,LK,7.4167,81.8167,73.13,73.13,78,91,1.72,1643152365
westport,US,41.1415,-73.3579,34.41,37.8,59,20,1.01,1643152316
oudtshoorn,ZA,-33.5907,22.2014,64.76,64.76,80,99,4.25,1643152368
grand gaube,MU,-20.0064,57.6608,74.37,75.6,72,61,4.0,1643152082
la ronge,CA,55.1001,-105.2842,13.68,13.68,83,100,14.88,1643152370
terrak,NO,65.087,12.3715,33.67,33.67,94,100,9.95,1643152372
bonthe,SL,7.5264,-12.505,77.61,77.61,76,10,7.4,1643152373
bengkulu,ID,-3.8004,102.2655,76.98,76.98,83,95,2.71,1643152374
necochea,AR,-38.5473,-58.7368,75.22,75.22,79,62,7.65,1643152376
chokurdakh,RU,70.6333,147.9167,-33.29,-33.29,100,100,6.89,1643152377
itarema,BR,-2.9248,-39.9167,80.89,80.89,75,99,12.82,1643152378
pacifica,US,37.6138,-122.4869,58.84,67.06,74,20,18.41,1643152380
isangel,VU,-19.55,169.2667,84.6,84.6,72,15,4.07,1643152381
esperance,AU,-33.8667,121.9,62.44,62.44,82,100,13.6,1643152265
port-gentil,GA,-0.7193,8.7815,80.67,80.67,79,20,7.14,1643152384
lompoc,US,34.6391,-120.4579,63.14,68.11,70,0,13.8,1643152385
bontang,ID,0.1333,117.5,76.44,76.44,88,98,2.46,1643152387
mahebourg,MU,-20.4081,57.7,75.49,75.49,73,40,10.36,1643152388
lavrentiya,RU,65.5833,-171.0,-20.87,-20.87,87,61,5.37,1643152389
coihaique,CL,-45.5752,-72.0662,69.75,70.41,37,0,8.05,1643152391
breves,BR,-1.6822,-50.4803,75.47,75.47,91,93,5.32,1643152392
tuatapere,NZ,-46.1333,167.6833,51.82,51.82,92,100,7.83,1643152394
ajdabiya,LY,30.7554,20.2263,42.66,42.66,78,81,15.08,1643152395
saint-jean-port-joli,CA,47.2171,-70.2658,8.02,8.02,98,60,2.59,1643152396
vila franca do campo,PT,37.7167,-25.4333,59.2,59.2,80,70,8.61,1643152398
gat,IL,31.61,34.7642,44.22,50.4,100,4,10.07,1643152399
katsuura,JP,35.1333,140.3,41.92,42.19,92,99,16.42,1643152400
konongo,GH,6.6167,-1.2167,71.56,71.56,22,2,0.51,1643152402
kaitangata,NZ,-46.2817,169.8464,59.94,59.94,87,55,6.46,1643152403
tommot,RU,58.9564,126.2925,-4.95,-4.95,96,100,6.82,1643152404
wanning,CN,18.8003,110.3967,70.39,70.39,90,77,3.49,1643152406
ribeira grande,PT,38.5167,-28.7,59.67,59.67,75,99,5.86,1643152407
sorong,ID,-0.8833,131.25,83.12,83.12,80,92,12.68,1643152234
rongcheng,CN,30.634,117.8517,41.43,41.43,96,100,6.04,1643152410
kahului,US,20.8947,-156.47,80.91,82.98,59,20,23.02,1643152411
caravelas,BR,-17.7125,-39.2481,77.36,77.36,82,100,9.31,1643152412
norman wells,CA,65.282,-126.8329,37.35,37.35,75,51,17.4,1643152414
sao luiz gonzaga,BR,-28.4083,-54.9608,77.5,77.5,79,65,12.48,1643152415
udachnyy,RU,66.4167,112.4,3.45,3.45,84,100,6.35,1643152417
naze,JP,28.3667,129.4833,58.5,58.5,66,74,10.42,1643152418
ola,RU,59.5833,151.2833,-13.27,-13.27,87,87,8.95,1643152419
ferkessedougou,CI,9.6,-5.2,74.21,74.21,14,12,6.22,1643152421
yabelo,ET,4.8833,38.0833,64.08,64.08,24,16,15.3,1643152422
roald,NO,62.5833,6.1333,43.11,45.34,93,75,17.27,1643152423
tasiilaq,GL,65.6145,-37.6368,15.96,15.96,69,23,8.52,1643152425
laguna,US,38.421,-121.4238,63.79,70.09,47,0,1.01,1643152426
avera,US,33.194,-82.5271,54.16,57.07,70,72,6.02,1643152427
kapaa,US,22.0752,-159.319,77.18,78.78,67,20,1.99,1643152429
tuktoyaktuk,CA,69.4541,-133.0374,17.96,17.96,88,100,27.07,1643152430
bilibino,RU,68.0546,166.4372,-41.26,-41.26,97,65,3.18,1643152431
krapkowice,PL,50.4752,17.9654,33.58,36.93,98,100,8.46,1643152433
butaritari,KI,3.0707,172.7902,81.72,81.72,79,52,17.36,1643152434
santa maria,BR,-29.6842,-53.8069,76.51,76.51,87,82,6.08,1643152160
cabo san lucas,MX,22.8909,-109.9124,72.9,74.61,52,20,5.99,1643152425
panzhihua,CN,26.5851,101.7128,44.53,44.53,93,28,1.03,1643152438
waipawa,NZ,-41.4122,175.5153,66.61,68.63,60,97,6.15,1643152439
avarua,CK,-21.2078,-159.775,78.85,78.85,94,100,4.61,1643152441
souillac,MU,-20.5167,57.5167,75.58,75.58,73,40,10.36,1643152442
mecca,SA,21.4267,39.8261,67.5,67.5,64,0,4.65,1643152444
hauterive,FR,46.0901,3.4459,31.91,32.76,81,0,2.71,1643152445
goure,NE,13.9835,10.2704,63.01,63.01,18,3,15.08,1643152446
touros,BR,-5.1989,-35.4608,81.5,81.5,76,100,13.22,1643152448
oga,IT,46.4631,10.347,10.94,10.94,65,0,3.85,1643152449
codrington,AU,-38.2667,141.9667,86.58,86.58,40,57,6.29,1643152450
khatanga,RU,71.9667,102.5,2.03,2.03,84,48,16.22,1643152452
klaksvik,FO,62.2266,-6.589,41.92,41.92,75,36,47.71,1643152453
puerto ayora,EC,-0.7393,-90.3518,75.2,75.2,80,73,7.94,1643152455
provideniya,RU,64.3833,-173.3,-5.69,-5.69,59,0,6.71,1643152456
phan thiet,VN,10.9333,108.1,71.26,71.26,88,63,4.0,1643152457
pevek,RU,69.7008,170.3133,-29.99,-29.99,100,84,1.77,1643152459
nouadhibou,MR,20.931,-17.0347,65.53,65.53,80,49,19.66,1643152460
tiksi,RU,71.6872,128.8694,-7.6,-7.6,95,100,10.4,1643152462
jacqueville,CI,5.2052,-4.4146,75.11,75.11,78,1,7.11,1643152463
halifax,CA,44.6453,-63.5724,37.18,37.89,98,75,5.75,1643152353
korla,CN,41.7597,86.1469,22.78,22.78,67,0,4.34,1643152466
lagos,NG,6.5833,3.75,72.41,72.41,71,4,2.26,1643152463
ilhabela,BR,-23.7781,-45.3581,76.84,76.84,90,24,8.03,1643152468
vidim,RU,56.4088,103.1106,-3.46,-3.46,99,99,2.64,1643152469
kluang,MY,2.0251,103.3328,70.93,70.93,96,93,2.84,1643152471
sao gabriel da cachoeira,BR,-0.1303,-67.0892,75.18,75.18,96,100,1.79,1643152472
sergeyevka,KZ,53.88,67.4158,6.51,6.51,89,99,8.97,1643152474
los llanos de aridane,ES,28.6585,-17.9182,58.12,60.55,62,20,4.0,1643152475
paris,FR,48.8534,2.3488,32.41,34.3,97,100,1.99,1643152263
urusha,RU,54.05,122.9,-14.4,-14.4,97,30,3.38,1643152477
nome,US,64.5011,-165.4064,-2.13,-2.13,78,40,0.0,1643152479
salalah,OM,17.0151,54.0924,66.29,66.29,34,0,4.61,1643152480
victoria,HK,22.2855,114.1577,64.9,66.18,90,99,1.01,1643152217
ginir,ET,7.1333,40.7,56.07,56.07,32,68,3.87,1643152483
abalak,RU,58.1286,68.5944,10.71,10.71,97,100,3.56,1643152484
varhaug,NO,58.6147,5.6457,43.0,44.89,96,100,16.26,1643152485
bambous virieux,MU,-20.3428,57.7575,75.45,75.45,73,40,10.36,1643152487
iracoubo,GF,5.4802,-53.2011,76.73,76.73,85,74,10.4,1643152488
cockburn town,TC,21.4612,-71.1419,76.95,76.95,73,0,7.96,1643152403
saint-pierre,RE,-21.3393,55.4781,73.08,73.08,73,75,6.91,1643152491
hinton,CA,53.4001,-117.5857,39.24,39.24,65,86,10.54,1643152492
sterling,US,39.0062,-77.4286,33.19,38.17,64,75,1.01,1643152493
severo-kurilsk,RU,50.6789,156.125,23.7,23.7,62,49,5.84,1643152420
camana,PE,-16.6228,-72.7111,72.7,72.7,77,32,7.58,1643152496
ixtapa,MX,20.7,-105.2,76.23,76.23,65,0,12.66,1643152497
fortuna,US,40.5982,-124.1573,49.98,49.98,81,0,3.74,1643152221
sakakah,SA,29.9697,40.2064,45.97,45.97,44,0,5.91,1643152500
follonica,IT,42.9263,10.7616,43.48,46.02,80,0,3.89,1643152501
srandakan,ID,-7.9386,110.2506,78.64,78.64,87,100,7.23,1643152502
vao,NC,-22.6667,167.4833,77.11,77.11,71,66,7.2,1643152504
osypenko,UA,46.9136,36.8253,24.84,24.84,85,51,4.92,1643152505
mayo,US,38.8876,-76.5119,37.33,40.24,59,100,13.0,1643152507
saint george,US,37.1041,-113.5841,51.58,55.63,30,0,1.99,1643152261
kokopo,PG,-4.352,152.2633,82.72,82.72,75,90,4.59,1643152509
carutapera,BR,-1.195,-46.02,76.86,76.86,89,97,6.76,1643152510
georgetown,MY,5.4112,100.3354,80.53,80.53,83,20,0.0,1643152284
cidreira,BR,-30.1811,-50.2056,77.85,77.85,83,37,18.41,1643152513
pemba,MZ,-12.974,40.5178,80.24,80.24,78,100,14.76,1643152514
poum,NC,-20.2333,164.0167,80.51,80.51,71,92,7.9,1643152516
paraiso,CR,9.8383,-83.8656,67.59,72.46,67,5,2.39,1643152517
mount isa,AU,-20.7333,139.5,80.37,80.37,89,75,11.5,1643152519
abu dhabi,AE,24.4667,54.3667,65.71,66.96,83,0,4.61,1643152330
valle del guamuez,CO,0.4525,-76.9192,74.7,74.7,94,100,1.63,1643152521
mirnyy,RU,62.5353,113.9611,-13.77,-13.77,75,100,1.99,1643152522
houma,US,29.5958,-90.7195,53.35,55.99,93,100,13.8,1643152524
kattivakkam,IN,13.2167,80.3167,79.07,79.07,81,65,5.14,1643152525
sharjah,AE,25.3573,55.4033,60.78,70.25,83,0,3.44,1643152527
moundou,TD,8.5667,16.0833,74.53,74.53,17,100,5.93,1643152528
komsomolskiy,UZ,40.4272,71.7189,25.95,29.62,49,82,1.92,1643152530
huilong,CN,31.8111,121.655,42.93,45.03,75,95,9.44,1643152532
saldanha,ZA,-33.0117,17.9442,63.03,63.03,87,0,17.76,1643152533
suoyarvi,RU,62.0833,32.35,4.82,4.82,99,32,3.13,1643152534
chapais,CA,49.7834,-74.8492,-16.82,-16.82,98,100,4.36,1643152528
plettenberg bay,ZA,-34.0527,23.3716,67.03,67.03,94,95,5.23,1643152537
tottori,JP,35.5,134.2333,37.47,37.47,81,75,5.75,1643152538
abu samrah,SY,35.3029,37.1841,42.21,42.21,70,26,9.33,1643152540
svetlogorsk,BY,52.6333,29.7333,29.19,29.19,98,100,7.38,1643152541
ashland,US,40.8167,-82.2665,16.18,21.34,95,76,3.96,1643152044
dingle,PH,10.9995,122.6711,75.72,75.72,95,100,9.57,1643152543
yining,CN,29.0361,114.5636,43.27,43.27,98,100,3.24,1643152545
belmonte,BR,-15.8631,-38.8828,77.5,77.5,82,100,7.7,1643152546
carnarvon,AU,-24.8667,113.6333,77.07,77.07,73,0,13.8,1643152548
gravelbourg,CA,49.8834,-106.5512,14.27,14.27,88,54,16.02,1643152549
warmbad,NA,-28.45,18.7333,86.54,86.54,27,43,12.06,1643152550
lukovetskiy,RU,64.2956,41.9211,22.98,22.98,99,97,3.58,1643152552
torbay,CA,47.6666,-52.7314,27.64,28.76,89,40,5.75,1643152553
hovd,MN,48.0056,91.6419,-10.64,-10.64,77,65,4.47,1643152555
meulaboh,ID,4.1363,96.1285,75.67,75.67,90,91,2.93,1643152556
pouebo,NC,-20.4,164.5667,83.57,83.57,66,59,5.21,1643152557
upernavik,GL,72.7868,-56.1549,0.54,0.54,97,100,6.98,1643152559
los andes,CL,-32.8337,-70.5983,77.95,78.01,31,0,7.81,1643152560
leningradskiy,RU,69.3833,178.4167,-26.1,-26.1,86,51,5.39,1643152561
sinnamary,GF,5.3833,-52.95,76.53,76.53,86,80,10.45,1643152563
lagoa,PT,39.05,-27.9833,58.71,58.71,81,81,10.4,1643152564
makinsk,KZ,52.6292,70.4169,5.79,5.79,83,100,11.05,1643152566
gurupa,BR,-1.405,-51.64,76.41,76.41,86,100,5.68,1643152567
chinsali,ZM,-10.5414,32.0816,61.92,61.92,97,94,4.18,1643152568
port elizabeth,ZA,-33.918,25.5701,68.29,70.11,88,75,11.5,1643152570
ineu,RO,46.4333,21.85,26.71,27.72,88,96,4.07,1643152571
faya,SA,18.3851,42.4509,52.32,53.71,80,6,3.22,1643152572
chara,RU,56.9064,118.2631,-17.09,-17.09,88,66,1.57,1643152574
la union,PE,-5.4,-80.75,79.61,79.61,58,89,15.77,1643152576
narsaq,GL,60.9167,-46.05,30.42,30.42,70,100,9.37,1643152577
shestakovo,RU,56.4915,103.96,-11.96,-11.96,100,94,2.62,1643152579
newport,GB,51.5877,-2.9984,39.69,41.77,87,53,3.98,1643152128
tecoanapa,MX,16.5167,-98.75,83.08,83.08,57,0,12.48,1643152581
lichinga,MZ,-13.3128,35.2406,60.89,60.89,100,100,11.5,1643152583
namatanai,PG,-3.6667,152.4333,83.48,83.48,73,89,4.38,1643152584
cabedelo,BR,-6.9811,-34.8339,81.27,81.27,74,100,12.46,1643152586
tongliao,CN,43.6125,122.2653,0.43,0.43,86,5,8.08,1643152587
cayenne,GF,4.9333,-52.3333,79.09,79.09,88,75,5.01,1643152589
longyearbyen,SJ,78.2186,15.6401,15.64,15.64,62,40,19.57,1643152590
giyani,ZA,-23.3025,30.7187,72.09,72.09,85,100,12.95,1643152591
qasigiannguit,GL,68.8193,-51.1922,14.25,14.25,72,83,9.17,1643152593
rawson,AR,-43.3002,-65.1023,63.28,63.28,62,1,23.94,1643152595
sorland,NO,67.667,12.6934,38.08,38.08,97,100,33.08,1643152596
aguazul,CO,5.1728,-72.5471,86.25,86.25,44,100,4.09,1643152597
constitucion,CL,-35.3333,-72.4167,63.46,63.46,77,13,10.8,1643152599
tongchuan,CN,35.0806,109.0897,31.69,31.69,88,100,7.11,1643152600
taoudenni,ML,22.6783,-3.9836,70.38,70.38,19,92,9.95,1643152602
guerrero negro,MX,27.9769,-114.0611,66.4,66.4,44,40,11.05,1643152603
margate,GB,51.3813,1.3862,35.24,36.3,83,98,1.99,1643152604
padang,ID,-0.9492,100.3543,77.05,77.05,84,100,3.04,1643152606
manchester,GB,53.4809,-2.2374,39.52,42.51,86,100,2.3,1643152324
santa cruz,BO,-17.8,-63.1667,87.85,87.85,58,40,11.5,1643152340
griffith,US,41.5284,-87.4237,7.61,12.81,58,0,4.0,1643152609
sioux lookout,CA,50.1001,-91.917,-16.53,-12.62,76,0,2.3,1643152611
martinez,US,38.0194,-122.1341,61.68,68.86,56,0,1.01,1643152484
kodinsk,RU,58.6881,99.1844,-12.14,-12.14,100,100,2.08,1643152613
avila,ES,40.5833,-5.0,36.64,36.64,84,16,6.76,1643152615
dourados,BR,-22.2211,-54.8056,75.94,75.94,78,80,6.76,1643152616
okha,RU,53.5739,142.9478,-7.78,-7.78,99,92,10.2,1643152617
ghanzi,BW,-21.5667,21.7833,72.34,72.34,47,100,6.96,1643152619
olafsvik,IS,64.8945,-23.7142,32.13,32.13,69,99,9.44,1643152620
talara,PE,-4.5772,-81.2719,74.16,74.16,73,75,10.58,1643152622
riwaka,NZ,-41.0833,173.0,72.81,74.43,78,91,5.01,1643152623
kozhva,RU,65.1073,57.0459,19.76,19.76,92,100,11.21,1643152625
meadow lake,US,34.8014,-106.5436,52.99,56.61,18,49,7.83,1643152527
lenina,RU,46.0667,39.7833,20.01,20.01,95,79,4.27,1643152627
haines junction,CA,60.7522,-137.5108,35.55,35.55,55,62,10.36,1643152628
itoman,JP,26.1247,127.6694,62.74,63.37,70,20,4.61,1643152630
talwandi bhai,IN,30.85,74.9333,46.13,46.13,84,21,2.82,1643152631
nola,IT,40.922,14.5329,38.95,48.54,91,0,2.17,1643152633
zhigansk,RU,66.7697,123.3711,-13.81,-13.81,99,99,8.68,1643152634
karaton,ID,-6.3424,106.1045,73.44,73.56,91,100,0.96,1643152635
bilma,NE,18.6853,12.9164,58.3,58.3,22,0,16.91,1643152637
kosum phisai,TH,16.2486,103.0674,73.49,75.83,44,26,4.21,1643152638
pimentel,PE,-6.8367,-79.9342,75.49,75.49,64,0,17.27,1643152640
presidencia roque saenz pena,AR,-26.7852,-60.4388,96.13,96.13,30,34,3.94,1643152641
leverkusen,DE,51.0333,7.0,36.66,38.61,82,5,1.07,1643152642
khandyga,RU,62.6667,135.6,-31.09,-31.09,99,100,1.5,1643152644
dubbo,AU,-32.25,148.6167,77.13,77.13,69,100,12.66,1643152645
marzuq,YE,14.4,46.4667,57.78,57.78,30,7,2.37,1643152647
luderitz,NA,-26.6481,15.1594,75.72,75.72,57,6,21.61,1643152648
clyde river,CA,70.4692,-68.5914,-5.57,-5.57,84,100,17.27,1643152650
metro,ID,-5.1131,105.3067,73.31,73.31,94,99,5.73,1643152651
marsa matruh,EG,31.3525,27.2453,49.62,49.62,60,100,18.68,1643152652
pauini,BR,-7.7136,-66.9764,75.34,75.34,97,99,2.84,1643152654
mount gambier,AU,-37.8333,140.7667,85.86,85.86,43,64,8.63,1643152655
emerald,AU,-23.5333,148.1667,81.34,81.34,52,98,10.8,1643152656
muisne,EC,0.6,-80.0333,75.47,75.47,89,100,4.5,1643152658
shellbrook,CA,53.2168,-106.4011,4.23,4.23,89,100,15.73,1643152659
usinsk,RU,65.9939,57.5281,18.86,18.86,94,100,18.63,1643152661
terney,RU,45.0503,136.6092,16.14,16.14,77,100,5.68,1643152662
ambilobe,MG,-13.2,49.05,72.1,72.1,94,96,3.09,1643152664
redmond,US,47.674,-122.1215,44.28,47.73,77,45,3.24,1643152501
arraial do cabo,BR,-22.9661,-42.0278,76.96,76.96,88,0,13.8,1643152667
west sacramento,US,38.5805,-121.5302,64.44,71.24,41,0,4.61,1643152668
lisala,CD,2.15,21.5167,73.54,73.54,43,88,0.69,1643152669
bali,ID,-8.5,115.0,81.23,81.57,87,100,5.88,1643152671
merauke,ID,-8.4667,140.3333,80.85,80.85,85,100,4.05,1643152672
yulara,AU,-25.2406,130.9889,85.84,85.84,54,97,11.5,1643152674
la rioja,ES,42.25,-2.5,22.78,30.04,69,0,5.55,1643152675
ndioum,SN,16.5129,-14.6471,80.35,80.35,10,100,10.27,1643152676
worcester,US,42.3334,-71.8328,28.63,33.39,69,40,1.01,1643152288
kushtagi,IN,15.7667,76.2,63.25,63.25,57,4,1.63,1643152679
chifeng,CN,42.2683,118.9636,10.27,10.27,54,3,6.31,1643152506
san alberto,CO,7.7611,-73.3922,83.91,83.91,67,93,3.98,1643152681
adeje,ES,28.1227,-16.726,59.79,62.94,56,20,3.44,1643152683
port blair,IN,11.6667,92.75,78.84,78.84,69,20,4.61,1643152684
saint-joseph,RE,-21.3667,55.6167,71.98,71.98,78,97,13.49,1643152685
bahia blanca,AR,-38.7196,-62.2724,84.52,84.52,38,43,7.07,1643152687
pundaguitan,PH,6.3711,126.1689,80.65,80.65,78,100,8.21,1643152688
toamasina,MG,-18.1667,49.3833,73.4,73.4,94,75,6.91,1643152689
iqaluit,CA,63.7506,-68.5145,-20.47,-20.47,76,75,3.44,1643152691
hamilton,US,39.1834,-84.5333,25.63,28.04,61,75,1.99,1643152537
kavieng,PG,-2.5744,150.7967,84.65,84.65,70,100,8.81,1643152693
bulgan,MN,48.8125,103.5347,-8.75,-8.75,91,4,3.69,1643152695
cairns,AU,-16.9167,145.7667,82.71,84.07,87,98,0.0,1643152696
san policarpo,PH,12.1791,125.5072,78.66,78.66,86,100,14.18,1643152698
urbano santos,BR,-3.2078,-43.4036,78.42,78.42,79,99,6.62,1643152699
sao joao da barra,BR,-21.6403,-41.0511,76.19,76.19,88,2,9.91,1643152700
zeya,RU,53.75,127.2667,-9.04,-9.04,98,21,2.15,1643152702
hasaki,JP,35.7333,140.8333,37.67,37.8,87,100,18.86,1643152703
ulaangom,MN,49.9811,92.0667,-19.23,-19.23,86,93,4.09,1643152704
luganville,VU,-15.5333,167.1667,86.65,86.65,67,97,4.72,1643152706
austin,US,30.2672,-97.7431,51.76,53.62,85,100,3.0,1643152143
khotynets,RU,53.1286,35.3966,14.61,14.61,96,100,6.22,1643152709
sarangani,PH,5.4033,125.4636,81.41,81.41,78,97,12.75,1643152710
kirovsk,UA,48.6375,38.6428,12.69,12.69,97,95,5.77,1643152711
athabasca,CA,54.7169,-113.2854,35.91,36.01,70,100,21.9,1643152713
pisco,PE,-13.7,-76.2167,73.45,73.45,68,0,21.85,1643152714
cikupa,ID,-6.2364,106.5083,75.29,76.91,88,100,5.61,1643152716
sfantu gheorghe,RO,45.8667,25.7833,18.86,20.93,97,100,2.33,1643152717
port lincoln,AU,-34.7333,135.8667,71.83,71.83,80,12,3.98,1643152547
sur,OM,22.5667,59.5289,69.19,69.19,64,14,11.3,1643152720
northam,GB,51.0333,-4.2167,40.64,43.02,89,90,4.14,1643152721
slonim,BY,53.0867,25.3219,32.74,32.74,98,100,8.12,1643152723
arlit,NE,18.7369,7.3853,58.53,58.53,20,23,7.92,1643152724
vestmannaeyjar,IS,63.4427,-20.2734,36.93,36.93,68,100,23.44,1643152725
burnie,AU,-41.0667,145.9167,71.94,71.94,71,89,11.36,1643152727
aden,YE,12.7794,45.0367,75.42,75.42,71,5,9.6,1643152728
bereznehuvate,UA,47.3078,32.8499,18.66,18.66,95,49,4.07,1643152730
staryy nadym,RU,65.6118,72.6842,3.67,3.67,92,98,19.91,1643152731
nanortalik,GL,60.1432,-45.2371,26.44,26.44,91,100,10.27,1643152732
saint-denis,FR,48.9167,2.3333,31.78,33.39,96,100,3.0,1643152734
calvia,ES,39.5657,2.5062,42.35,44.08,82,0,5.06,1643152735
pushkino,RU,56.0172,37.8667,15.75,17.01,96,100,2.51,1643152459
corinth,GR,37.9407,22.9573,30.79,37.89,71,4,3.47,1643152738
san jose,US,37.3394,-121.895,62.28,67.44,46,0,4.0,1643152704
bull savanna,JM,17.8868,-77.5902,75.51,75.51,78,23,9.82,1643152740
egvekinot,RU,66.3167,-179.1667,-28.03,-28.03,88,90,1.23,1643152742
dogondoutchi,NE,13.6393,4.0287,64.76,64.76,14,0,11.01,1643152743
jeremie,HT,18.65,-74.1167,77.2,77.2,81,46,4.32,1643152744
samarai,PG,-10.6167,150.6667,84.2,84.2,72,100,3.04,1643152746
ostrovnoy,RU,68.0531,39.5131,18.88,18.88,85,35,18.43,1643152747
anadyr,RU,64.75,177.4833,-19.7,-19.7,76,0,13.42,1643152748
iralaya,HN,15.0,-83.2333,80.69,80.69,78,5,5.82,1643152694
ekhabi,RU,53.5102,142.9671,-8.0,-8.0,99,94,10.09,1643152751
patacamaya,BO,-17.2333,-67.9167,52.45,52.45,64,80,10.09,1643152752
kudat,MY,6.8837,116.8477,76.93,76.93,94,20,0.0,1643152754
derbent,RU,42.0678,48.2899,38.68,38.68,84,100,4.27,1643152489
santana,BR,-0.0583,-51.1817,80.78,80.78,89,40,4.61,1643152624
iguape,BR,-24.7081,-47.5553,77.7,77.7,84,10,8.3,1643152758
ahuimanu,US,21.4447,-157.8378,76.26,80.31,70,20,5.99,1643152759
mayuge,UG,0.4597,33.4803,66.83,66.83,68,84,2.75,1643152761
damaturu,NG,11.747,11.9608,63.46,63.46,19,15,9.55,1643152762
olinda,BR,-8.0089,-34.8553,82.13,82.13,74,40,6.91,1643152764
el calvario,GT,14.1167,-89.9167,75.56,75.56,48,13,7.27,1643152765
sinazongwe,ZM,-17.2614,27.4618,70.93,70.93,96,100,10.04,1643152766
sisimiut,GL,66.9395,-53.6735,14.27,14.27,67,100,20.78,1643152768
khipro,PK,25.8285,69.3772,55.02,55.02,22,0,4.74,1643152769
maragogi,BR,-9.0122,-35.2225,80.28,80.28,77,18,10.98,1643152770
nantucket,US,41.2835,-70.0995,38.79,40.08,77,61,14.92,1643152642
yibin,CN,28.7667,104.6238,48.15,48.15,93,100,2.08,1643152773
kaseda,JP,31.4167,130.3167,45.63,45.63,72,68,10.45,1643152774
sept-iles,CA,50.2001,-66.3821,8.04,8.06,88,75,3.0,1643152742
hay river,CA,60.8156,-115.7999,13.98,13.98,79,75,11.5,1643152543
grindavik,IS,63.8424,-22.4338,30.67,33.75,93,75,4.61,1643152610
shimoda,JP,34.6667,138.95,40.1,46.76,81,82,7.65,1643152779
rincon,US,32.296,-81.2354,54.0,55.85,54,100,4.61,1643152780
qaqortoq,GL,60.7167,-46.0333,30.7,30.7,71,100,9.31,1643152782
veraval,IN,20.9,70.3667,60.85,60.85,44,2,12.01,1643152783
beterou,BJ,9.1992,2.2586,75.29,75.29,15,0,6.55,1643152785
lata,PT,40.1629,-8.3327,42.96,50.81,84,6,4.74,1643152786
talnakh,RU,69.4865,88.3972,1.2,1.2,96,74,12.77,1643152787
chincha alta,PE,-13.4099,-76.1323,72.19,72.19,79,31,5.7,1643152789
portland,US,45.5234,-122.6762,48.54,55.2,59,20,1.01,1643151971
suntar,RU,62.1444,117.6319,-20.58,-20.58,100,80,3.62,1643152791
toro,CO,4.6117,-76.0814,72.28,72.28,98,100,0.96,1643152792
lakhimpur,IN,27.95,80.7667,53.47,53.47,66,99,5.53,1643152794
khani,GE,41.9563,42.9566,31.57,31.57,83,100,5.75,1643152795
george town,MY,5.4112,100.3354,77.16,80.53,92,20,2.3,1643152750
kabwe,ZM,-14.4469,28.4464,62.73,62.73,98,100,7.78,1643152798
goderich,CA,43.7501,-81.7165,12.78,16.92,92,100,5.75,1643152526
airai,TL,-8.9266,125.4092,64.87,64.87,78,92,2.64,1643152800
gweta,BW,-20.1833,25.2333,77.65,77.65,53,100,10.98,1643152802
kangaba,ML,11.9333,-8.4167,72.12,72.12,12,72,6.02,1643152803
kinshasa,CD,-4.3246,15.3215,74.26,74.26,91,100,1.32,1643152675
seguin,US,29.5688,-97.9647,52.83,54.12,80,100,8.05,1643152806
nemuro,JP,43.3236,145.575,24.22,24.22,75,80,3.13,1643152808
dong hoi,VN,17.4833,106.6,70.0,70.0,93,27,2.06,1643152809
knyaze-volkonskoye,RU,48.4642,135.4567,-13.72,-13.72,100,99,0.96,1643152810
peniche,PT,39.3558,-9.3811,47.1,53.1,81,0,9.98,1643152812
matagami,CA,49.7502,-77.6328,-18.29,-18.29,69,0,4.61,1643152813
south valley,US,35.0101,-106.6781,55.44,58.5,21,20,5.75,1643152815
mehamn,NO,71.0357,27.8492,30.27,30.27,68,99,27.74,1643152816
sao jose da coroa grande,BR,-8.8978,-35.1478,80.46,80.46,77,30,10.83,1643152818
sabang,ID,5.8933,95.3214,81.18,81.18,75,56,10.45,1643152819
rovaniemi,FI,66.5,25.7167,13.41,13.41,85,0,6.91,1643152820
fukue,JP,32.6881,128.8419,48.56,48.56,76,40,14.97,1643152822
naqadeh,IR,36.9553,45.388,15.85,15.85,84,78,4.68,1643152823
ayabaca,PE,-4.6398,-79.7149,51.31,51.31,93,100,4.88,1643152825
catuday,PH,16.2923,119.8062,76.37,76.37,73,83,9.71,1643152826
jiaonan,CN,35.8786,119.9753,24.82,24.82,76,2,7.36,1643152828
bandarbeyla,SO,9.4942,50.8122,73.83,73.83,63,8,18.97,1643152829
toora-khem,RU,52.4675,96.11,-7.28,-7.28,99,100,1.57,1643152830
college,US,64.8569,-147.8028,18.88,21.15,75,100,4.61,1643152782
klyuchi,RU,52.2667,79.1667,7.63,7.63,92,100,11.56,1643152833
noumea,NC,-22.2763,166.4572,82.0,84.18,99,40,6.53,1643152834
furtwangen,DE,48.05,8.2,22.32,26.35,89,0,1.99,1643152836
punta de bombon,PE,-17.1717,-71.7931,72.01,72.01,79,91,6.93,1643152837
tessalit,ML,20.1986,1.0114,63.7,63.7,16,96,11.99,1643152838
aykhal,RU,66.0,111.5,1.42,1.42,90,100,4.72,1643152840
conde,BR,-7.2597,-34.9075,80.06,80.06,78,20,6.91,1643152841
cohoes,US,42.7742,-73.7001,26.01,28.49,67,40,3.0,1643152843
sambava,MG,-14.2667,50.1667,74.71,74.71,85,96,8.03,1643152844
sabha,LY,27.0377,14.4283,43.99,43.99,80,7,11.56,1643152845
dalvik,IS,65.9702,-18.5286,35.53,35.53,94,100,12.08,1643152847
berlevag,NO,70.8578,29.0864,30.79,30.79,69,99,29.37,1643152848
micheweni,TZ,-4.9667,39.8333,79.77,79.77,74,31,15.82,1643152849
hongjiang,CN,27.11,109.9956,40.41,40.41,96,100,3.11,1643152851
luba,GQ,3.4568,8.5547,81.84,81.84,72,53,6.71,1643152689
sudbury,CA,46.49,-80.99,-7.91,-1.34,75,100,1.7,1643152664
gilgit,PK,35.9221,74.3087,21.38,21.38,76,67,4.27,1643152854
arroyo,ES,41.6096,-4.7969,32.4,37.6,81,0,1.14,1643152856
arman,RU,59.7,150.1667,-7.85,-7.85,81,100,7.0,1643152857
quatre cocos,MU,-20.2078,57.7625,74.08,75.31,71,62,14.88,1643152858
ucar,AZ,40.519,47.6542,39.38,39.38,86,24,3.74,1643152860
chamba,IN,32.5667,76.1333,43.63,43.63,72,100,6.24,1643152861
buala,SB,-8.145,159.5921,80.35,80.35,84,100,6.04,1643152863
ratnagiri,IN,16.9833,73.3,63.86,63.86,72,3,4.83,1643152864
yaan,NG,7.3833,8.5667,79.77,79.77,14,52,7.45,1643152866
bereda,ES,43.2686,-7.5406,38.5,38.57,98,8,1.88,1643152867
adrar,MR,20.5022,-10.0711,69.57,69.57,15,98,9.62,1643152868
hofn,IS,64.2539,-15.2082,37.09,37.09,51,0,13.18,1643152870
trinidad,BO,-14.8333,-64.9,87.78,87.78,70,75,0.0,1643152871
kyaukse,MM,21.6,96.1333,61.97,61.97,70,10,1.45,1643152872
stornoway,GB,58.2093,-6.3865,43.2,44.56,84,20,1.99,1643152639
juneau,US,58.3019,-134.4197,38.07,40.21,95,100,6.91,1643152867
general roca,AR,-39.0333,-67.5833,88.2,88.2,24,8,12.57,1643152876
talen,IN,23.5667,76.7167,48.6,48.6,62,0,4.32,1643152878
shingu,JP,33.7333,135.9833,43.79,43.79,73,13,5.39,1643152879
mutata,CO,7.2441,-76.4356,76.1,76.1,94,100,0.6,1643152880
bonavista,CA,48.6499,-53.1147,19.4,26.11,74,100,9.89,1643152882
ikare,NG,7.4913,5.2322,72.93,72.93,20,1,3.62,1643152883
ilulissat,GL,69.2167,-51.1,14.02,14.02,52,77,24.16,1643152884
wad madani,SD,14.4012,33.5199,74.37,74.37,30,54,17.49,1643152886
atar,MR,20.5169,-13.0499,71.82,71.82,25,95,7.67,1643152887
sistranda,NO,63.7256,8.834,35.56,36.9,98,100,23.85,1643152889
frutigen,CH,46.5878,7.6475,26.26,33.33,63,1,3.94,1643152890
labuhan,ID,-6.8844,112.2051,78.94,78.94,87,100,11.36,1643152891
soyo,AO,-6.1349,12.3689,77.27,77.27,81,95,3.94,1643152893
hirara,JP,24.8,125.2833,66.47,66.47,82,20,8.05,1643152894
itacare,BR,-14.2775,-38.9967,82.29,82.29,81,100,8.59,1643152896
kasangulu,CD,-4.5911,15.1708,74.28,74.34,94,100,2.98,1643152897
carberry,CA,49.8689,-99.3602,-14.57,-9.35,92,16,9.01,1643152899
havre,FR,49.5833,0.3333,32.65,33.58,88,22,3.62,1643152900
zavetnoye,RU,47.1194,43.8903,15.1,15.1,99,75,4.54,1643152901
simao,CN,22.7886,100.9748,52.66,52.66,88,75,2.73,1643152903
huayucachi,PE,-12.1333,-75.2333,58.24,58.24,72,71,4.72,1643152904
opuwo,NA,-18.0607,13.84,75.51,75.51,57,77,7.09,1643152879
kidal,ML,18.4411,1.4078,62.53,62.53,16,75,12.17,1643152906
khilok,RU,51.3674,110.4676,-10.17,-10.17,99,99,2.86,1643152908
mushie,CD,-3.0167,16.9,73.78,73.78,89,100,4.23,1643152909
yatou,CN,37.15,122.3833,30.96,30.96,77,35,6.29,1643152911
kutum,SD,14.2,24.6667,58.89,58.89,26,61,7.25,1643152912
cullman,US,34.1748,-86.8436,46.85,52.79,61,0,8.05,1643152658
cedar city,US,37.6775,-113.0619,30.43,32.4,66,100,12.66,1643152686
hami,CN,42.8,93.45,22.15,22.15,50,80,3.71,1643152916
prince george,CA,53.9166,-122.753,35.04,35.04,69,0,13.8,1643152917
severnoye,RU,56.3491,78.3619,2.23,2.23,99,90,2.98,1643152919
kaniama,CD,-7.5667,24.1833,66.4,66.4,96,100,3.69,1643152920
myitkyina,MM,25.3833,97.4,52.39,52.39,95,36,2.8,1643152922
winneba,GH,5.3511,-0.6231,81.07,81.07,81,0,2.77,1643152923
leshukonskoye,RU,64.8989,45.7622,11.39,11.39,97,73,4.99,1643152887
boundiali,CI,9.5217,-6.4869,72.82,72.82,16,22,4.41,1643152926
buzmeyin,TM,38.0507,58.2056,29.93,29.93,80,1,2.3,1643152927
dunedin,NZ,-45.8742,170.5036,60.8,60.8,78,8,5.99,1643152923
zyryanka,RU,65.75,150.85,-36.51,-36.51,100,97,5.99,1643152930
dobric,RS,44.7019,19.5814,31.62,31.8,58,72,4.09,1643152931
sao miguel do araguaia,BR,-13.275,-50.1628,73.8,73.8,88,83,3.49,1643152898
puerto madero,MX,14.7208,-92.4215,86.2,86.2,62,0,9.22,1643152934
raudeberg,NO,61.9875,5.1352,41.79,45.19,96,100,10.0,1643152935
aswan,EG,24.0934,32.907,47.5,47.5,46,0,6.91,1643152936
mahon,ES,39.8885,4.2658,41.56,41.56,93,0,2.3,1643152938
ust-nera,RU,64.5667,143.2,-20.56,-20.56,98,100,1.66,1643152939
vestmanna,FO,62.1564,-7.1664,40.12,40.12,65,75,40.29,1643152940
acapulco,MX,16.8634,-99.8901,82.22,82.22,74,20,8.05,1643152842
macia,MZ,-25.0269,33.0989,74.7,74.7,90,100,6.62,1643152943
kununurra,AU,-15.7667,128.7333,78.78,78.78,94,100,6.91,1643152944
sawtell,AU,-30.3833,153.1,69.82,71.19,94,100,5.75,1643152946
creil,FR,49.2567,2.4848,31.24,33.89,86,0,2.51,1643152947
ruteng,ID,-8.6136,120.4721,66.13,66.13,88,98,3.47,1643152948
eyl,SO,7.9803,49.8164,70.9,70.9,69,8,12.8,1643152950
ust-maya,RU,60.4167,134.5333,-18.71,-18.71,99,100,0.67,1643152951
lobito,AO,-12.3481,13.5456,77.61,77.61,85,90,0.83,1643152952
oranjestad,AW,12.524,-70.027,78.85,78.85,79,89,21.23,1643152954
puerto escondido,MX,15.85,-97.0667,83.8,83.8,63,0,8.95,1643152955
bell ville,AR,-32.6259,-62.6887,79.81,79.81,78,91,7.05,1643152958
laela,TZ,-8.5667,32.05,60.33,60.33,94,100,3.89,1643152959
waddan,LY,29.1614,16.139,44.17,44.17,71,49,7.38,1643152961
kumluca,TR,36.3703,30.2869,39.38,39.38,76,98,4.9,1643152962
havelock,US,34.8791,-76.9013,49.62,51.93,81,100,3.44,1643152963
tazmalt,DZ,36.3868,4.3989,46.11,46.11,67,0,3.18,1643152965
aras,ES,42.5617,-2.356,27.79,33.73,100,0,2.3,1643152966
samarinda,ID,-0.5,117.15,73.63,73.63,94,95,0.43,1643152968
dhari,IN,21.3333,71.0167,54.73,54.73,45,0,6.73,1643152969
novyy urengoy,RU,66.0833,76.6333,-0.9,-0.9,97,97,14.81,1643152970
koundara,GN,12.4833,-13.3,81.72,81.72,9,99,8.14,1643152972
yar-sale,RU,66.8333,70.8333,10.24,10.24,94,100,19.44,1643152973
joshimath,IN,30.5667,79.5667,28.78,28.78,59,39,7.72,1643152974
kushikino,JP,31.7167,130.2667,45.86,45.86,77,92,7.23,1643152976
dayong,CN,25.0209,118.2898,60.48,61.9,89,70,1.28,1643152977
senanga,ZM,-16.1167,23.2667,67.82,67.82,76,100,3.06,1643152978
southampton,GB,50.904,-1.4043,35.94,38.19,88,99,1.01,1643152974
altamont,US,42.2068,-121.7372,47.37,48.04,29,0,3.0,1643152981
imbituba,BR,-28.24,-48.6703,82.81,82.81,80,38,18.21,1643152766
yerofey pavlovich,RU,53.9667,121.9667,-13.47,-13.47,97,30,3.38,1643152983
russkaya polyana,UA,49.417,31.9201,17.71,17.71,90,93,6.06,1643152985
sola,VU,-13.8833,167.55,81.09,81.09,80,100,14.52,1643152986
dhidhdhoo,MV,6.8833,73.1,79.66,79.66,61,84,8.32,1643152988
vredendal,ZA,-31.6683,18.5012,65.86,65.86,77,0,5.39,1643152989
kushima,JP,31.4583,131.2333,44.64,45.91,77,34,7.56,1643152991
eirunepe,BR,-6.6603,-69.8736,74.89,74.89,96,99,1.81,1643152992
tocopilla,CL,-22.092,-70.1979,69.76,69.76,65,23,4.97,1643152993
verkhoyansk,RU,67.5447,133.385,-15.39,-15.39,100,100,2.13,1643152995
